id;first_name;last_name;experience;role;work_at
1;Earl;Towne;Synchronised Car Practical Steel Table;ivory compressing;5th generation
2;Berry;Price;Unbranded Steel Car Investment Account program;Triple-buffered Alabama;AI
3;Vincenza;Kshlerin;Track users;Bhutan;generating
4;Duane;Wolf;Common Salad;generate;User-friendly encoding
5;Karley;Cassin;Ergonomic Fantastic Licensed Granite Sausages;Movies Beauty;Home Loan Account Algerian Dinar Cambridgeshire
6;Noemi;Mohr;Licensed Soft Gloves;transmit;National Iowa
7;Khalil;McLaughlin;strategize synthesizing;ROI yellow;Legacy Forward
8;Freddy;Rolfson;Integration;Assurance invoice New York;override Awesome Soft Salad
9;Retta;Gutmann;digital vortals;Solomon Islands Dollar;application
10;Micaela;Carroll;ivory sky blue;mesh eyeballs;Home Loan Account e-services
